<?xml version="1.0"?>
<learningObject editorVersion="3" targetFolder="Nottingham" name="Getting your MOLE course ready for the start of semester" language="en-GB" navigation="Linear" textSize="12" theme="modernandsleek" displayMode="fill window" responsive="true"><title linkID="PG1532681377540" name="Start of Semester Checklist" size="30" bgImageVAlign="middle" bgImageHAlign="centre" bgImageVConstrain="" bgImageHConstrain="" bgImage="FileLocation + 'media/Background.png'" bgImageAlpha="50" bgImageDark="0" bgImageGrey="false" titleVAlign="400" titleHAlign="right"><![CDATA[<style type="text/css">img {
  opacity: 0.5;
  filter: alpha(opacity=50);
  /* For IE8 and earlier */
  }
</style>
<h1><strong><span style="color:#000000;"></span></strong></h1>

<p><span style="font-size:72px;"><span style="color:#ffffff;"><strong><span style="background-color:#000000;">Start of Semester </span></strong></span><span style="color:#ffffff;"><strong><span style="background-color:#000000;">Checklist&nbsp;</span></strong></span></span></p>
]]></title><text linkID="PG1535465500028" name="Before you begin" bgImage="FileLocation + 'media/Background.png'" bgImageAlpha="95" bgImageDark="25" bgImageGrey="false"><![CDATA[<p><span style="font-size:18px;"><span style="color:#ffffff;"><span style="background-color:#000000;">The University recognises that teaching varies&nbsp;</span><span style="background-color:#000000;">significantly across programmes and the checklist is not designed to change your delivery of teaching.</span></span></span></p>

<p><span style="font-size:18px;"><span style="color:#ffffff;"><span style="background-color:#000000;"> </span></span></span></p>

<p><span style="font-size:18px;"><span style="color:#ffffff;"><span style="background-color:#000000;">Instead it&nbsp;</span><span style="background-color:#000000;">focuses on addressing consistency and ultimately providing our students with a better experience.</span></span></span></p>

<p><span style="font-size:18px;"><span style="color:#ffffff;"></span></span></p>

<p><span style="font-size:18px;"><span style="color:#ffffff;"><span style="background-color:#000000;"> It is recognised&nbsp;</span><span style="background-color:#000000;">that it may not always be appropriate to address all aspects of the list so where this is the case, please make sure&nbsp;</span><span style="background-color:#000000;">you make the rationale clear to students.</span></span></span></p>
]]></text><text linkID="PG1535464537235" name="Using this checklist" bgImage="FileLocation + 'media/Background.png'" bgImageAlpha="95" bgImageDark="25" bgImageGrey="false"><![CDATA[<p><span style="color:#000000;"><span style="font-size:24px;"><span style="background-color:#ffffff;">Before you start you should:</span></span></span></p>

<p>&nbsp;</p>

<p><span class="fa fa-caret-right" style="color:rgb(0, 0, 0);font-size:30px;"></span>&nbsp;<span style="color:#ffffff;"><span style="font-size:20px;"><span style="background-color:#000000;">Be enrolled as an instructor/module lead instructor or module administrator on the course</span></span></span></p>

<p>&nbsp;</p>

<p><span class="fa fa-caret-right" style="color:rgb(0, 0, 0);font-size:30px;"></span>&nbsp;<span style="font-size:20px;"><span style="color:#ffffff;"><span style="background-color:#000000;">Have copied over content from a previous course if you need it - </span></span><a href="https://www.sheffield.ac.uk/cics/mole/coursesetup" onclick="window.open(this.href, '', 'resizable=no,status=no,location=no,toolbar=no,menubar=no,fullscreen=no,scrollbars=no,dependent=no'); return false;"><span style="color:#ffffff;"><span style="background-color:#000000;">Find out more</span></span></a><span style="color:#ffffff;"><span style="background-color:#000000;"></span></span></span></p>

<p>&nbsp;</p>

<p><span style="color:#000000;"><span style="font-size:24px;"><span style="background-color:#ffffff;">How to use the checklist:</span></span></span></p>

<p>&nbsp;</p>

<p><font color="#ffffff"><span style="font-size: 20px; background-color: rgb(0, 0, 0);">You can use the checklist in two ways:</span></font></p>

<p><span class="fa fa-caret-right" style="color:rgb(0, 0, 0);font-size:30px;"></span>&nbsp;<font color="#ffffff"><span style="font-size: 20px; background-color: rgb(0, 0, 0);">Use the contents to link to a particular point of the resource. This is found on the next page.</span></font></p>

<p>&nbsp;</p>

<p><span class="fa fa-caret-right" style="color:rgb(0, 0, 0);font-size:30px;"></span> <font color="#ffffff"><span style="font-size:20px"><span style="background-color:#000000">Use the forward and backwards buttons at the bottom right of this page to navigate through the resource.</span></span></font></p>
]]></text><connectorMenu linkID="PG1532681431404" name="Start of Semester Checklist" home="true" back="true" next="true" reportTitle="List of page titles and matching pageIDs" pageLabel="Page No" titleLabel="Title:" idLabel="linkID:" bgImage="FileLocation + 'media/Background.png'" bgImageAlpha="50" bgImageDark="0" bgImageGrey="false" itemSpacingY="20"><cMenuListedPage linkID="PG1532681440901" name="1. Module information: Module Handbook/ Outline is available" pageID="PG1532681750557"/><cMenuListedPage linkID="PG1535463316868" name="2. Module leader contact details" pageID="PG1532696144706"/><cMenuListedPage linkID="PG1535463392998" name="3. Course navigation - Left hand menu" pageID="PG1532935373630"/><cMenuListedPage linkID="PG1535463422650" name="4. Course Navigation - Structure, labelling and working links" pageID="PG1532955028507"/><cMenuListedPage linkID="PG1535463452461" name="5. Course content" pageID="PG1534846013209"/><cMenuListedPage linkID="PG1535463473501" name="6. Assessment" pageID="PG1534862145894"/><cMenuListedPage linkID="PG1535463485154" name="7. Grade Centre" pageID="PG1535118146962"/></connectorMenu><nav linkID="PG1532681750557" name="1. Module Information: Module Handbook/ Outline is available" text="&lt;p&gt;&lt;span style=&quot;color:#ffffff;&quot;&gt;The module handbook should be made available to students from the mole page.&lt;/span&gt;&lt;/p&gt;&#10;&#10;&lt;p&gt;&lt;span style=&quot;color:#ffffff;&quot;&gt;This will usually be in the form of:&lt;/span&gt;&lt;/p&gt;&#10;&#10;&lt;ul&gt;&#10;&#9;&lt;li&gt;&lt;span style=&quot;color:#ffffff;&quot;&gt;An uploaded file (we recommend&amp;nbsp;PDF format as this will load in the&amp;nbsp;browser and not require students to download)&lt;/span&gt;&lt;br /&gt;&#10;&#9;&amp;nbsp;&lt;/li&gt;&#10;&#9;&lt;li&gt;&lt;span style=&quot;color:#ffffff;&quot;&gt;A link to the information if it is kept elsewhere e.g. University website&lt;/span&gt;&lt;span style=&quot;color:#ffffff;&quot;&gt;.&lt;/span&gt;&lt;/li&gt;&#10;&lt;/ul&gt;&#10;" type="Acc" nextBtnTip="Next" prevBtnTip="Previous" slideCount="Slide {i} of {n}" panelWidth="Large" panelHeight="fill" panelPos="Right" buttonPos="Bottom" collapsible="false" home="true" back="true" next="true" bgImage="FileLocation + 'media/handbook.jpg'" bgImageAlpha="70" bgImageDark="50" bgImageGrey="false"><navPage linkID="PG1532681894571" name="Option 1: Uploading module handbook as a file" text="&lt;p&gt;You can upload your module handbook as a file to your MOLE course. We recommend uploading as a PDF, so that students can access the file in the browser rather than download.&lt;/p&gt;&#10;&#10;&lt;hr /&gt;&#10;&lt;p&gt;&lt;strong&gt;Step 1&lt;/strong&gt;: Access the MOLE course and relevant area (Usually Module Overview)&lt;img alt=&quot;Add an item&quot; height=&quot;222&quot; src=&quot;FileLocation + 'media/Course_handbook_%3E_add_item.png'&quot; style=&quot;float:right&quot; width=&quot;213&quot; /&gt;&lt;/p&gt;&#10;&#10;&lt;p&gt;&lt;strong&gt;Step 2&lt;/strong&gt;: Hover over&lt;strong&gt; &lt;em&gt;Build Content&lt;/em&gt;&lt;/strong&gt; and select &lt;strong&gt;&lt;em&gt;Item&lt;/em&gt;.&lt;/strong&gt;&lt;/p&gt;&#10;&#10;&lt;p&gt;&lt;strong&gt;Step 3&lt;/strong&gt;: Add a title and description. Try to give as information about what can be found in the document and why students would use it.&lt;/p&gt;&#10;&#10;&lt;p&gt;&lt;strong&gt;Step 4&lt;/strong&gt;: Under Attachments, click &lt;strong&gt;&lt;em&gt;Browse My Computer&lt;/em&gt; &lt;/strong&gt;to add a file or drag the&amp;nbsp;file from any folder on your computer into the dashed box.&lt;/p&gt;&#10;&#10;&lt;p&gt;&lt;img alt=&quot;&quot; height=&quot;132&quot; src=&quot;FileLocation + 'media/Course_handbook_%3E_attachments.png'&quot; width=&quot;500&quot; /&gt;&lt;/p&gt;&#10;&#10;&lt;p&gt;&lt;strong&gt;Step 5&lt;/strong&gt;:&amp;nbsp;If you want it to be displayed from and until a certain date, you can do this under date and time restrictions.&lt;/p&gt;&#10;&#10;&lt;p&gt;&lt;img alt=&quot;&quot; height=&quot;204&quot; src=&quot;FileLocation + 'media/Course_handbook_%3E_dates.png'&quot; width=&quot;400&quot; /&gt;&lt;/p&gt;&#10;&#10;&lt;p&gt;&lt;strong&gt;Step 6&lt;/strong&gt;: Click &lt;em&gt;&lt;strong&gt;Submit&lt;/strong&gt;&lt;/em&gt; to complete the process&lt;/p&gt;&#10;"/><navPage linkID="PG1532682211261" name="Option 2: Linking to the module handbook" text="&lt;p&gt;You can also link to a module handbook if you have it elsewhere e.g. University website. We recommend not storing any documents in an account that only one person can access. e.g. a single users Google Drive.&lt;/p&gt;&#10;&#10;&lt;p&gt;&lt;strong&gt;Step 1&lt;/strong&gt;: Access the MOLE course and relevant area (Usually Module Overview)&lt;strong&gt;&lt;img alt=&quot;Add web link&quot; height=&quot;216&quot; src=&quot;FileLocation + 'media/Course_handbook_%3E_add_web_link.png'&quot; style=&quot;float:right&quot; width=&quot;213&quot; /&gt;&lt;/strong&gt;&lt;/p&gt;&#10;&#10;&lt;p&gt;&lt;strong&gt;Step 2&lt;/strong&gt;: Hover over&lt;strong&gt; &lt;em&gt;Build Content&lt;/em&gt;&lt;/strong&gt; and select &lt;strong&gt;&lt;i&gt;Web Link&lt;/i&gt;.&lt;/strong&gt;&lt;/p&gt;&#10;&#10;&lt;p&gt;&lt;strong&gt;Step 3&lt;/strong&gt;: Add a&lt;em&gt; &lt;strong&gt;title&lt;/strong&gt;&lt;/em&gt;&amp;nbsp;and the web link&amp;nbsp;of the information you are linking to.&lt;/p&gt;&#10;&#10;&lt;p&gt;&lt;strong&gt;Step 4&lt;/strong&gt;: Add a description. Try to give as information about what can be found in the document and why students would use it.&lt;/p&gt;&#10;&#10;&lt;p&gt;&lt;strong&gt;Step 5&lt;/strong&gt;:&amp;nbsp;If you want it to be displayed from and until a certain date, you can do this under date and time restrictions.&lt;/p&gt;&#10;&#10;&lt;p&gt;&lt;img alt=&quot;&quot; height=&quot;204&quot; src=&quot;FileLocation + 'media/Course_handbook_%3E_dates.png'&quot; width=&quot;400&quot; /&gt;&lt;/p&gt;&#10;&#10;&lt;p&gt;&lt;strong&gt;Step 6&lt;/strong&gt;: Click &lt;em&gt;&lt;strong&gt;Submit&lt;/strong&gt;&lt;/em&gt; to complete the process&lt;/p&gt;&#10;"/></nav><nav linkID="PG1532696144706" name="2. Module Information:&amp;nbsp;Module leader contact details" text="&lt;p&gt;&lt;span style=&quot;font-size:18px;&quot;&gt;&lt;span style=&quot;color:#ffffff;&quot;&gt;MOLE courses should have details of how to contact their module leader.&lt;/span&gt;&lt;/span&gt;&lt;/p&gt;&#10;&#10;&lt;p&gt;&lt;span style=&quot;font-size:18px;&quot;&gt;&lt;span style=&quot;color:#ffffff;&quot;&gt;It is recommended to have details of any other staff teaching on the course and the details of any support staff.&lt;/span&gt;&lt;/span&gt;&lt;/p&gt;&#10;" type="Acc" nextBtnTip="Next" prevBtnTip="Previous" slideCount="Slide {i} of {n}" panelWidth="Large" panelHeight="fill" panelPos="Right" buttonPos="Top" collapsible="false" home="true" back="true" next="true" bgImage="FileLocation + 'media/phone-1742818_640.jpg'" bgImageAlpha="70" bgImageDark="75" bgImageGrey="false"><navPage linkID="PG1534840334832" name="Adding Module leader contact details (Video instructions)" text="&lt;div style=&quot;max-width:608px&quot;&gt;&lt;div style=&quot;position:relative;padding-bottom:66.118421052632%&quot;&gt;&lt;iframe id=&quot;kaltura_player&quot; src=&quot;https://cdnapisec.kaltura.com/p/2103181/sp/210318100/embedIframeJs/uiconf_id/38838661/partner_id/2103181?iframeembed=true&amp;playerId=kaltura_player&amp;entry_id=1_cnrfn4rq&amp;flashvars[streamerType]=auto&amp;amp;flashvars[localizationCode]=en&amp;amp;flashvars[leadWithHTML5]=true&amp;amp;flashvars[sideBarContainer.plugin]=true&amp;amp;flashvars[sideBarContainer.position]=left&amp;amp;flashvars[sideBarContainer.clickToClose]=true&amp;amp;flashvars[chapters.plugin]=true&amp;amp;flashvars[chapters.layout]=vertical&amp;amp;flashvars[chapters.thumbnailRotator]=false&amp;amp;flashvars[streamSelector.plugin]=true&amp;amp;flashvars[EmbedPlayer.SpinnerTarget]=videoHolder&amp;amp;flashvars[dualScreen.plugin]=true&amp;amp;&amp;wid=1_jdfgbh27&quot; width=&quot;608&quot; height=&quot;402&quot; allowfullscreen webkitallowfullscreen mozAllowFullScreen allow=&quot;autoplay *; fullscreen *; encrypted-media *&quot; frameborder=&quot;0&quot; title=&quot;Kaltura Player&quot; style=&quot;position:absolute;top:0;left:0;width:100%;height:100%&quot;&gt;&lt;/iframe&gt;&lt;/div&gt;&lt;/div&gt;"/><navPage linkID="PG1532696193751" name="Adding Module leader contact details (Written instructions)" text="&lt;p style=&quot;text-align:center&quot;&gt;&lt;img alt=&quot;&quot; height=&quot;111&quot; src=&quot;FileLocation + 'media/Staff_contacts_%3E_example_.png'&quot; width=&quot;500&quot; /&gt;&lt;/p&gt;&#10;&#10;&lt;p&gt;&amp;nbsp;&lt;/p&gt;&#10;&#10;&lt;p&gt;You can add these easily in MOLE.&lt;/p&gt;&#10;&#10;&lt;p&gt;&lt;strong&gt;Step 1&lt;/strong&gt;: Access the MOLE course and relevant area (Usually Staff Contacts).&lt;/p&gt;&#10;&#10;&lt;p&gt;&lt;strong&gt;Step 2&lt;/strong&gt;: Click &lt;em&gt;&lt;strong&gt;Create Contact&lt;/strong&gt;&lt;/em&gt;.&lt;/p&gt;&#10;&#10;&lt;p&gt;&lt;strong&gt;Step 3&lt;/strong&gt;: Complete the personal contact details boxes&lt;/p&gt;&#10;&#10;&lt;p&gt;&lt;strong&gt;Step 4&lt;/strong&gt;: Add a room number and bulding in the &lt;em&gt;&lt;strong&gt;Office Location&lt;/strong&gt;&lt;/em&gt; box.&lt;/p&gt;&#10;&#10;&lt;p&gt;&lt;strong&gt;Step 5&lt;/strong&gt;:&amp;nbsp;In the &lt;em&gt;&lt;strong&gt;Office Hours&amp;nbsp;&lt;/strong&gt;&lt;/em&gt;add in the times you are available to be contacted by students. You may also wish to indicate how often you will be checking the site.&lt;/p&gt;&#10;&#10;&lt;p&gt;&lt;strong&gt;Step 6&lt;/strong&gt;: Notes allows you to add in other information about yourself that the students may find useful.&amp;nbsp;&lt;/p&gt;&#10;&#10;&lt;p&gt;&lt;strong&gt;Step 7&lt;/strong&gt;: Change &lt;em&gt;&lt;strong&gt;Make the Profile Available&lt;/strong&gt;&lt;/em&gt; to &lt;em&gt;&lt;strong&gt;Yes&lt;/strong&gt;&lt;/em&gt;&lt;/p&gt;&#10;&#10;&lt;p&gt;&lt;strong&gt;Step 8: &lt;/strong&gt;You can attach an image by your profile by clicking &lt;em&gt;&lt;strong&gt;Browse &lt;/strong&gt;&lt;/em&gt;next&amp;nbsp;to attach image.&lt;/p&gt;&#10;&#10;&lt;p&gt;&lt;strong&gt;Step 9:&lt;/strong&gt; Click &lt;em&gt;&lt;strong&gt;Submit&lt;/strong&gt;&lt;/em&gt; to complete the process.&lt;/p&gt;&#10;"/></nav><nav linkID="PG1532935373630" name="3. Course Navigation - Left hand menu" text="&lt;p&gt;&lt;span style=&quot;font-size:18px;&quot;&gt;&lt;span style=&quot;color:#ffffff;&quot;&gt;The left hand menu should be used to structure the content of your course.&lt;/span&gt;&lt;/span&gt;&lt;/p&gt;&#10;&#10;&lt;p&gt;&lt;span style=&quot;font-size:18px;&quot;&gt;&lt;span style=&quot;color:#ffffff;&quot;&gt;The standard university template can be seen&amp;nbsp;&lt;/span&gt;&lt;a href=&quot;https://marvelapp.com/819b6e9/screen/26346047&quot; target=&quot;_blank&quot;&gt;&lt;span style=&quot;color:#ffffff;&quot;&gt;here&lt;/span&gt;&lt;/a&gt;&lt;span style=&quot;color:#ffffff;&quot;&gt;.&lt;/span&gt;&lt;/span&gt;&lt;/p&gt;&#10;&#10;&lt;p&gt;&lt;span style=&quot;font-size:18px;&quot;&gt;&lt;span style=&quot;color:#ffffff;&quot;&gt;If your department has its own template you may find some of the areas are named differently.&lt;/span&gt;&lt;/span&gt;&lt;/p&gt;&#10;&#10;&lt;p&gt;&lt;span style=&quot;font-size:18px;&quot;&gt;&lt;span style=&quot;color:#ffffff;&quot;&gt;You should use this template to ensure consistency of the course across your department/programmes.&amp;nbsp;&lt;/span&gt;&lt;/span&gt;&lt;/p&gt;&#10;" type="Acc" nextBtnTip="Next" prevBtnTip="Previous" slideCount="Slide {i} of {n}" panelWidth="Medium" panelHeight="fill" panelPos="Right" buttonPos="Top" collapsible="false" bgImage="FileLocation + 'media/Navigation.png'" bgImageAlpha="70" bgImageDark="40" bgImageGrey="false"><navPage linkID="PG1535121600983" name="Adding content to the left hand menu (Video)" text="&lt;div style=&quot;position:relative;padding-bottom:71.25%&quot;&gt;&lt;iframe allow=&quot;autoplay *; fullscreen *; encrypted-media *&quot; allowfullscreen=&quot;&quot; frameborder=&quot;0&quot; height=&quot;285&quot; id=&quot;kaltura_player&quot; mozallowfullscreen=&quot;&quot; src=&quot;https://cdnapisec.kaltura.com/p/2103181/sp/210318100/embedIframeJs/uiconf_id/38838661/partner_id/2103181?iframeembed=true&amp;amp;playerId=kaltura_player&amp;amp;entry_id=1_icwpv2u8&amp;amp;flashvars[streamerType]=auto&amp;amp;flashvars[localizationCode]=en&amp;amp;flashvars[leadWithHTML5]=true&amp;amp;flashvars[sideBarContainer.plugin]=true&amp;amp;flashvars[sideBarContainer.position]=left&amp;amp;flashvars[sideBarContainer.clickToClose]=true&amp;amp;flashvars[chapters.plugin]=true&amp;amp;flashvars[chapters.layout]=vertical&amp;amp;flashvars[chapters.thumbnailRotator]=false&amp;amp;flashvars[streamSelector.plugin]=true&amp;amp;flashvars[EmbedPlayer.SpinnerTarget]=videoHolder&amp;amp;flashvars[dualScreen.plugin]=true&amp;amp;&amp;amp;wid=1_4kg4m1ys&quot; style=&quot;position:absolute;top:0;left:0;width:100%;height:100%&quot; title=&quot;Kaltura Player&quot; webkitallowfullscreen=&quot;&quot; width=&quot;400&quot;&gt;&lt;/iframe&gt;&lt;/div&gt;&#10;"/><navPage linkID="PG1532936770743" name="Adding additional left hand menu items (Written guide)" text="&lt;p&gt;If you need to add some additional sections to the left hand menu e.g. you are breaking your teaching content up by week.&lt;img alt=&quot;&quot; height=&quot;234&quot; src=&quot;FileLocation + 'media/Navigation_%3E_add_menu.png'&quot; style=&quot;float:right&quot; width=&quot;150&quot; /&gt;&lt;/p&gt;&#10;&#10;&lt;p&gt;&lt;strong&gt;Step 1&lt;/strong&gt;: Go to your MOLE course&lt;/p&gt;&#10;&#10;&lt;p&gt;&lt;strong&gt;Step 2&lt;/strong&gt;: Click the + icon in the top left corner&lt;/p&gt;&#10;&#10;&lt;p&gt;&lt;strong&gt;Step 3&lt;/strong&gt;: If you want an area to add more content select &lt;em&gt;&lt;strong&gt;Content Area&lt;/strong&gt;&lt;/em&gt;, if you are linking to a tool select &lt;strong&gt;&lt;em&gt;Tool Link&lt;/em&gt;&lt;/strong&gt;. You can also add subheaders and dividers to break up the menu.&lt;/p&gt;&#10;&#10;&lt;p&gt;&lt;strong&gt;Step 4&lt;/strong&gt;: Give the area name. Select tool type if you are adding a tool link.&lt;/p&gt;&#10;&#10;&lt;p&gt;&lt;strong&gt;Step 5&lt;/strong&gt;: Tick the checkbox next to &lt;em&gt;&lt;strong&gt;Avaiable to Users.&lt;/strong&gt;&lt;/em&gt;&lt;/p&gt;&#10;&#10;&lt;p&gt;&lt;strong&gt;Step 6: &lt;/strong&gt;Click&lt;strong&gt; Submit &lt;/strong&gt;to confirm&lt;strong&gt;.&lt;/strong&gt;&amp;nbsp;&lt;/p&gt;&#10;"/><navPage linkID="PG1532954703818" name="Reordering content in the left hand menu" text="&lt;p&gt;You can re-order the left hand menu items by hoving to the left of the title until a grey box appears with a double ended arrow appears.&lt;/p&gt;&#10;&#10;&lt;p&gt;Click on that icon drag and drop into place with your mouse.&lt;/p&gt;&#10;&#10;&lt;p&gt;&lt;img alt=&quot;&quot; height=&quot;77&quot; src=&quot;FileLocation + 'media/Navigation_%3E_reordering_content.png'&quot; width=&quot;150&quot; /&gt;&lt;/p&gt;&#10;"/></nav><nav linkID="PG1532955028507" name="4. Course Navigation - Structure, labelling and working links" text="&lt;p&gt;&lt;span style=&quot;font-size:18px;&quot;&gt;&lt;span style=&quot;color:#ffffff;&quot;&gt;To ensure students can easily access content we encourage you to think about your structure.&lt;/span&gt;&lt;/span&gt;&lt;/p&gt;&#10;&#10;&lt;p&gt;&lt;span style=&quot;font-size:18px;&quot;&gt;&lt;span style=&quot;color:#ffffff;&quot;&gt;Click the tabs for information on things to consider&lt;/span&gt;&lt;/span&gt;&lt;/p&gt;&#10;" type="Tab" nextBtnTip="Next" prevBtnTip="Previous" slideCount="Slide {i} of {n}" panelWidth="Large" panelHeight="fill" panelPos="Right" buttonPos="Top" collapsible="false" styles="" bgImage="FileLocation + 'media/Navigation.png'" bgImageAlpha="70" bgImageDark="40" bgImageGrey="false"><navPage linkID="PG1532955429246" name="Labelling of content" text="&lt;p&gt;&lt;span style=&quot;font-size:20px;&quot;&gt;&lt;strong&gt;Labelling of content&lt;/strong&gt;&lt;/span&gt;&lt;/p&gt;&#10;&#10;&lt;p&gt;Ensure your content areas, folders and items have meaningful names and descriptions.&lt;/p&gt;&#10;&#10;&lt;p&gt;&lt;strong&gt;Items&lt;/strong&gt; - All items should be clearly described&amp;nbsp;and any attached files should be be referred to in the description so the student is aware of what they are accessing the file for.&lt;/p&gt;&#10;&#10;&lt;p&gt;&lt;img alt=&quot;&quot; height=&quot;166&quot; src=&quot;FileLocation + 'media/Navigation%3E_labelling_items.png'&quot; width=&quot;500&quot; /&gt;&lt;/p&gt;&#10;&#10;&lt;p&gt;&lt;strong&gt;Folders&lt;/strong&gt; - Ensure folders are appropriately named and indicate the content within.&lt;/p&gt;&#10;&#10;&lt;p&gt;&lt;img alt=&quot;&quot; height=&quot;123&quot; src=&quot;FileLocation + 'media/Navigation_%3E_labelling_folders.png'&quot; width=&quot;500&quot; /&gt;&lt;/p&gt;&#10;&#10;&lt;p&gt;&amp;nbsp;&lt;/p&gt;&#10;"/><navPage linkID="PG1532955090124" name="&lt;span style=&quot;color:#ffffff;&quot;&gt;Easy to find content&lt;/span&gt;" text="&lt;p&gt;&lt;span style=&quot;font-size:20px;&quot;&gt;&lt;strong&gt;Easy to find content&lt;/strong&gt;&lt;/span&gt;&lt;/p&gt;&#10;&#10;&lt;p&gt;Think about how many clicks students will need to do to get to the content they need.&lt;/p&gt;&#10;&#10;&lt;p&gt;As a rule of thumb try not to make content any more than 3 clicks away.&lt;/p&gt;&#10;&#10;&lt;p&gt;The deeper in a course the content is, the less a student is likely to engage with it.&lt;/p&gt;&#10;"/><navPage linkID="PG1534844593328" name="Check links are working" text="&lt;p&gt;&lt;span style=&quot;font-size:20px;&quot;&gt;&lt;strong&gt;Check that links are working&lt;/strong&gt;&lt;/span&gt;&lt;/p&gt;&#10;&#10;&lt;p&gt;Within your course if you have content to external websites, these should be checked before each semester to ensure that the links are still working.&lt;/p&gt;&#10;&#10;&lt;p&gt;&amp;nbsp;&lt;/p&gt;&#10;"/><navPage linkID="PG1534845753346" name="Repeating links and information" text="&lt;p&gt;&lt;span style=&quot;font-size:20px;&quot;&gt;&lt;strong&gt;Repeating links and information&lt;/strong&gt;&lt;/span&gt;&lt;/p&gt;&#10;&#10;&lt;p&gt;In&amp;nbsp;relevant places ensure that links and information are repeated.&lt;/p&gt;&#10;&#10;&lt;p&gt;For example if you mention the assessment task in the module overview, ensure this information is repeated in the assessment area to avoid students needing to cross reference information.&lt;/p&gt;&#10;&#10;&lt;p&gt;This information should be reviewed and ensured its up to date before each intake of the course.&lt;/p&gt;&#10;"/></nav><nav linkID="PG1534846013209" name="5. Course content" text="&lt;p&gt;&lt;span style=&quot;color:#ffffff;&quot;&gt;&lt;span style=&quot;font-size:18px;&quot;&gt;This section is around the content of the course&lt;/span&gt;&lt;/span&gt;&lt;/p&gt;&#10;&#10;&lt;p&gt;&lt;span style=&quot;color:#ffffff;&quot;&gt;&lt;span style=&quot;font-size:18px;&quot;&gt;Click the tabs for information on things to consider&lt;/span&gt;&lt;/span&gt;&lt;/p&gt;&#10;" type="Tab" nextBtnTip="Next" prevBtnTip="Previous" slideCount="Slide {i} of {n}" panelWidth="Large" panelHeight="fill" panelPos="Right" buttonPos="Top" collapsible="false" bgImage="FileLocation + 'media/Course_content_bg.png'" bgImageAlpha="70" bgImageDark="40" bgImageGrey="false"><navPage linkID="PG1534846211017" name="All lecture content is made available" text="&lt;p&gt;&lt;strong&gt;&lt;span style=&quot;font-size:20px;&quot;&gt;All lecture content is made available&lt;/span&gt;&lt;/strong&gt;&lt;/p&gt;&#10;&#10;&lt;p&gt;All lecture content is made available on the MOLE course.&lt;/p&gt;&#10;&#10;&lt;p&gt;Ideally, materials to support a lecture (slides, notes) should be available before the event.&lt;/p&gt;&#10;&#10;&lt;p&gt;If you don&amp;rsquo;t think it appropriate to make materials available, the rationale should be made clear to students.&lt;/p&gt;&#10;&#10;&lt;p&gt;Content includes:&lt;/p&gt;&#10;&#10;&lt;ul&gt;&#10;&#9;&lt;li&gt;Slides and Notes&amp;nbsp;&lt;/li&gt;&#10;&#9;&lt;li&gt;Tutorials and Responses&lt;/li&gt;&#10;&#9;&lt;li&gt;Worksheets,&lt;/li&gt;&#10;&#9;&lt;li&gt;Past Exam Material and Model Answers&lt;/li&gt;&#10;&#9;&lt;li&gt;&lt;a href=&quot;https://www.sheffield.ac.uk/library/services/suppwebct&quot; target=&quot;_blank&quot;&gt;Library Reading Lists&lt;/a&gt;&lt;/li&gt;&#10;&#9;&lt;li&gt;Encore Lecture Recordings&lt;/li&gt;&#10;&lt;/ul&gt;&#10;"/><navPage linkID="PG1534857199460" name="When will content be available" text="&lt;p&gt;&lt;strong&gt;&lt;span style=&quot;font-size:20px;&quot;&gt;When will content be available&lt;/span&gt;&lt;/strong&gt;&lt;/p&gt;&#10;&#10;&lt;p&gt;If you have chosen not to make content available at the start of the course&amp;nbsp;or you are staggering the contact, you should let students know when content will be available to them.&lt;/p&gt;&#10;&#10;&lt;p&gt;You can do this for the overall course in the module overview but you can also have a holding item in each weeks&amp;#39; content so that students aren&amp;#39;t presented with a blank page.&lt;/p&gt;&#10;&#10;&lt;p&gt;&lt;img alt=&quot;&quot; height=&quot;177&quot; src=&quot;FileLocation + 'media/Content%3E_holding_item.png'&quot; width=&quot;500&quot; /&gt;&lt;/p&gt;&#10;&#10;&lt;p&gt;&amp;nbsp;&lt;/p&gt;&#10;&#10;&lt;p&gt;&amp;nbsp;&lt;/p&gt;&#10;"/><navPage linkID="PG1534858296258" name="Content is up to date" text="&lt;p&gt;&lt;strong&gt;&lt;span style=&quot;font-size:20px;&quot;&gt;Content is up to date&lt;/span&gt;&lt;/strong&gt;&lt;/p&gt;&#10;&#10;&lt;p&gt;As part of preparing your course, if you have copied over content from a previous course, make sure that the information is still relevant e.g. dates haven&amp;#39;t changed and any content that has a link still works.&lt;/p&gt;&#10;"/></nav><text linkID="PG1534862145894" name="6. Assessment" bgImage="FileLocation + 'media/Background_assessment.png'" bgImageAlpha="70" bgImageDark="10" bgImageGrey="false"><![CDATA[<p><span style="font-size:18px;"><span style="color:#ffffff;"><span style="background-color:#000000;">In the MOLE Course the assessment should be clearly visible to the students.</span></span></span></p>

<p><span style="font-size:18px;"><span style="color:#ffffff;"><span style="background-color:#000000;">You may want to make reference to it in the module overview but an assessment brief should appear in the assessment area of your MOLE course.</span></span></span></p>

<p><span style="font-size:18px;"><span style="color:#ffffff;"><span style="background-color:#000000;">This should include:</span></span></span></p>

<ul>
	<li><span style="font-size:18px;"><span style="color:#ffffff;"><span style="background-color:#000000;">The submission method</span></span></span></li>
	<li><span style="font-size:18px;"><span style="color:#ffffff;"><span style="background-color:#000000;">Deadline dates</span></span></span></li>
	<li><span style="font-size:18px;"><span style="color:#ffffff;"><span style="background-color:#000000;">How to get more help if needed</span></span></span></li>
</ul>

<p><span style="font-size:18px;"><span style="color:#ffffff;"><span style="background-color:#000000;">Any assessment points on the course should be clearly indicated and easy to find.</span></span></span></p>

<p><span style="font-size:18px;"><span style="color:#ffffff;"><span style="background-color:#000000;">The next page looks at some of the common assessment systems we use at the university.</span></span></span></p>
]]></text><nav linkID="PG1534862761001" name="6. Assessment - Online Submission" text="&lt;p&gt;&lt;span style=&quot;color:#ffffff;&quot;&gt;&lt;span style=&quot;font-size:18px;&quot;&gt;If possible we encourage submission to take place online.&amp;nbsp;&lt;/span&gt;&lt;/span&gt;&lt;/p&gt;&#10;&#10;&lt;p&gt;&lt;span style=&quot;color:#ffffff;&quot;&gt;&lt;span style=&quot;font-size:18px;&quot;&gt;This can be completed using two main systems:&lt;/span&gt;&lt;/span&gt;&lt;/p&gt;&#10;&#10;&lt;ul&gt;&#10;&#9;&lt;li&gt;&lt;span style=&quot;color:#ffffff;&quot;&gt;&lt;span style=&quot;font-size:18px;&quot;&gt;Turnitin&lt;/span&gt;&lt;/span&gt;&lt;br /&gt;&#10;&#9;&amp;nbsp;&lt;/li&gt;&#10;&#9;&lt;li&gt;&lt;span style=&quot;color:#ffffff;&quot;&gt;&lt;span style=&quot;font-size:18px;&quot;&gt;The MOLE assignment tool&lt;/span&gt;&lt;/span&gt;&lt;/li&gt;&#10;&lt;/ul&gt;&#10;" type="Acc" nextBtnTip="Next" prevBtnTip="Previous" slideCount="Slide {i} of {n}" panelWidth="Large" panelHeight="fill" panelPos="Right" buttonPos="Bottom" collapsible="false" bgImage="FileLocation + 'media/Background_assessment.png'" bgImageAlpha="70" bgImageDark="40" bgImageGrey="false"><navPage linkID="PG1534862854985" name="Using Turnitin" text="&lt;p&gt;Turnitin is the more commonly used assessment tool used at the university. As well as online submission it allows text matching of students submission and a wide variety of feedback tools.&amp;nbsp;&#10;&lt;/p&gt;&#10;&lt;p&gt;&lt;a href=&quot;http://www.sheffield.ac.uk/cics/turnitin/gettingstartedstaff&quot; target=&quot;_blank&quot;&gt;What is Turnitin?&amp;nbsp;- Find out more&amp;nbsp;&lt;/a&gt;&#10;&lt;/p&gt;&#10;&lt;p&gt;Below is a series of videos outlining some of the functionality of Turnitin.&#10;&lt;/p&gt;&#10;&lt;p style=&quot;text-align: center;&quot;&gt;&#10;  &lt;iframe allow=&quot;autoplay *; fullscreen *; encrypted-media *&quot; allowfullscreen=&quot;&quot; frameborder=&quot;0&quot; height=&quot;620&quot; mozallowfullscreen=&quot;&quot; src=&quot;https://cdnapisec.kaltura.com/p/2103181/sp/210318100/embedIframeJs/uiconf_id/39596961/partner_id/2103181/widget_id/1_12pld3qx?iframeembed=true&amp;amp;playerId=kaltura_player_5b7c27b9e2920&amp;amp;flashvars[playlistAPI.kpl0Id]=1_t330impr&amp;amp;flashvars[playlistAPI.autoContinue]=true&amp;amp;flashvars[playlistAPI.autoInsert]=true&amp;amp;flashvars[ks]=&amp;amp;flashvars[localizationCode]=en&amp;amp;flashvars[imageDefaultDuration]=30&amp;amp;flashvars[leadWithHTML5]=true&amp;amp;flashvars[forceMobileHTML5]=true&amp;amp;flashvars[nextPrevBtn.plugin]=true&amp;amp;flashvars[sideBarContainer.plugin]=true&amp;amp;flashvars[sideBarContainer.position]=left&amp;amp;flashvars[sideBarContainer.clickToClose]=true&amp;amp;flashvars[chapters.plugin]=true&amp;amp;flashvars[chapters.layout]=vertical&amp;amp;flashvars[chapters.thumbnailRotator]=false&amp;amp;flashvars[streamSelector.plugin]=true&amp;amp;flashvars[EmbedPlayer.SpinnerTarget]=videoHolder&amp;amp;flashvars[dualScreen.plugin]=true&quot; title=&quot;Kaltura Player&quot; webkitallowfullscreen=&quot;&quot; width=&quot;100%&quot;&gt;&#10;  &lt;/iframe&gt;&#10;&lt;/p&gt;&#10;"/><navPage linkID="PG1534863522536" name="Using MOLE assignment tool" text="&lt;p&gt;This video takes you through the process of setting up a MOLE assignment on your course. You may select this option over Turnitin if you are submitting something that is not written based e.g. media based assessment (using Kaltura), a large presentation or a specialist software file. Turnitin file size is limited to 40mb.&#10;&lt;/p&gt;&#10;&lt;p&gt;The MOLE assignment tool also allows the submission of group assignments. It does not however have a text matching service built in.&#10;&lt;/p&gt;&#10;&lt;div style=&quot;max-width:608px&quot;&gt;&lt;div style=&quot;position:relative;padding-bottom:66.118421052632%&quot;&gt;&lt;iframe id=&quot;kaltura_player&quot; src=&quot;https://cdnapisec.kaltura.com/p/2103181/sp/210318100/embedIframeJs/uiconf_id/38838661/partner_id/2103181?iframeembed=true&amp;playerId=kaltura_player&amp;entry_id=1_bemlwscy&amp;flashvars[streamerType]=auto&amp;amp;flashvars[localizationCode]=en&amp;amp;flashvars[leadWithHTML5]=true&amp;amp;flashvars[sideBarContainer.plugin]=true&amp;amp;flashvars[sideBarContainer.position]=left&amp;amp;flashvars[sideBarContainer.clickToClose]=true&amp;amp;flashvars[chapters.plugin]=true&amp;amp;flashvars[chapters.layout]=vertical&amp;amp;flashvars[chapters.thumbnailRotator]=false&amp;amp;flashvars[streamSelector.plugin]=true&amp;amp;flashvars[EmbedPlayer.SpinnerTarget]=videoHolder&amp;amp;flashvars[dualScreen.plugin]=true&amp;amp;&amp;wid=1_1g8ofqq3&quot; width=&quot;608&quot; height=&quot;402&quot; allowfullscreen webkitallowfullscreen mozAllowFullScreen allow=&quot;autoplay *; fullscreen *; encrypted-media *&quot; frameborder=&quot;0&quot; title=&quot;Kaltura Player&quot; style=&quot;position:absolute;top:0;left:0;width:100%;height:100%&quot;&gt;&lt;/iframe&gt;&lt;/div&gt;&lt;/div&gt;&#10;"/><navPage linkID="PG1535122549798" name="Other assessment types" text="&lt;p&gt;If your assessment is slightly different to the ones above e.g.&lt;/p&gt;&#10;&#10;&lt;ul&gt;&#10;&#9;&lt;li&gt;e-porfolio&amp;nbsp;&lt;/li&gt;&#10;&#9;&lt;li&gt;Peer assessment&lt;/li&gt;&#10;&#9;&lt;li&gt;Video assessment&lt;/li&gt;&#10;&#9;&lt;li&gt;Web site&lt;/li&gt;&#10;&lt;/ul&gt;&#10;&#10;&lt;p&gt;Contact the TEL team (tel@sheffield.ac.uk)&amp;nbsp;and we can discuss with you the best approach to manage this.&lt;/p&gt;&#10;"/></nav><nav linkID="PG1535118146962" name="7. Grade Centre" text="&lt;p&gt;&lt;span style=&quot;color:#ffffff;&quot;&gt;&lt;span style=&quot;font-size:18px;&quot;&gt;Grades and feedback are available through grade centre and weighted according to the published assessment schedule.&lt;/span&gt;&lt;/span&gt;&lt;/p&gt;&#10;" type="Acc" nextBtnTip="Next" prevBtnTip="Previous" slideCount="Slide {i} of {n}" bgImage="FileLocation + 'media/Background_assessment.png'" bgImageAlpha="70" bgImageDark="40" bgImageGrey="false" panelWidth="Large" panelHeight="fill" panelPos="Right" buttonPos="Top" collapsible="false"><navPage linkID="PG1535118174498" name="Setting up a weighted total in Grade Centre" text="&lt;p&gt;This video&amp;nbsp;takes you through the process of setting up a weighted total. You would use a weighted total to reflect an overall score where there is two or more components of assessment. e.g. Exam worth 60% and coursework worth 40%.&lt;/p&gt;&#10;&#10;&lt;div style=&quot;max-width:400px&quot;&gt;&#10;&lt;div style=&quot;position:relative;padding-bottom:71.25%&quot;&gt;&lt;iframe allow=&quot;autoplay *; fullscreen *; encrypted-media *&quot; allowfullscreen=&quot;&quot; frameborder=&quot;0&quot; height=&quot;285&quot; id=&quot;kaltura_player&quot; mozallowfullscreen=&quot;&quot; src=&quot;https://cdnapisec.kaltura.com/p/2103181/sp/210318100/embedIframeJs/uiconf_id/38838661/partner_id/2103181?iframeembed=true&amp;amp;playerId=kaltura_player&amp;amp;entry_id=1_vhdljzvg&amp;amp;flashvars[streamerType]=auto&amp;amp;flashvars[localizationCode]=en&amp;amp;flashvars[leadWithHTML5]=true&amp;amp;flashvars[sideBarContainer.plugin]=true&amp;amp;flashvars[sideBarContainer.position]=left&amp;amp;flashvars[sideBarContainer.clickToClose]=true&amp;amp;flashvars[chapters.plugin]=true&amp;amp;flashvars[chapters.layout]=vertical&amp;amp;flashvars[chapters.thumbnailRotator]=false&amp;amp;flashvars[streamSelector.plugin]=true&amp;amp;flashvars[EmbedPlayer.SpinnerTarget]=videoHolder&amp;amp;flashvars[dualScreen.plugin]=true&amp;amp;&amp;amp;wid=1_iyfa05hz&quot; style=&quot;position:absolute;top:0;left:0;width:100%;height:100%&quot; title=&quot;Kaltura Player&quot; webkitallowfullscreen=&quot;&quot; width=&quot;400&quot;&gt;&lt;/iframe&gt;&lt;/div&gt;&#10;&lt;/div&gt;&#10;"/><navPage linkID="PG1535120907123" name="Reorder columns in Grade Centre" text="&lt;p&gt;This video shows you how to reorder columns in the Grade Centre. This is reflected in the order in which the students see it in &lt;em&gt;&lt;strong&gt;My Grades.&amp;nbsp;&lt;/strong&gt;&lt;/em&gt;So you may want to change the order to be in chronological order if it isn&amp;#39;t already.&lt;/p&gt;&#10;&#10;&lt;div style=&quot;max-width:400px&quot;&gt;&#10;&lt;div style=&quot;position:relative;padding-bottom:71.25%&quot;&gt;&lt;iframe allow=&quot;autoplay *; fullscreen *; encrypted-media *&quot; allowfullscreen=&quot;&quot; frameborder=&quot;0&quot; height=&quot;285&quot; id=&quot;kaltura_player&quot; mozallowfullscreen=&quot;&quot; src=&quot;https://cdnapisec.kaltura.com/p/2103181/sp/210318100/embedIframeJs/uiconf_id/38838661/partner_id/2103181?iframeembed=true&amp;amp;playerId=kaltura_player&amp;amp;entry_id=1_skw1ganu&amp;amp;flashvars[streamerType]=auto&amp;amp;flashvars[localizationCode]=en&amp;amp;flashvars[leadWithHTML5]=true&amp;amp;flashvars[sideBarContainer.plugin]=true&amp;amp;flashvars[sideBarContainer.position]=left&amp;amp;flashvars[sideBarContainer.clickToClose]=true&amp;amp;flashvars[chapters.plugin]=true&amp;amp;flashvars[chapters.layout]=vertical&amp;amp;flashvars[chapters.thumbnailRotator]=false&amp;amp;flashvars[streamSelector.plugin]=true&amp;amp;flashvars[EmbedPlayer.SpinnerTarget]=videoHolder&amp;amp;flashvars[dualScreen.plugin]=true&amp;amp;&amp;amp;wid=1_vv56gnpr&quot; style=&quot;position:absolute;top:0;left:0;width:100%;height:100%&quot; title=&quot;Kaltura Player&quot; webkitallowfullscreen=&quot;&quot; width=&quot;400&quot;&gt;&lt;/iframe&gt;&lt;/div&gt;&#10;&lt;/div&gt;&#10;"/></nav><nav linkID="PG1535529161102" name="8. Other setup tasks" text="&lt;p&gt;&lt;span style=&quot;color:#ffffff;&quot;&gt;You may also want to do a number of these when preparing your course.&lt;/span&gt;&lt;/p&gt;&#10;" type="Acc" nextBtnTip="Next" prevBtnTip="Previous" slideCount="Slide {i} of {n}" bgImage="FileLocation + 'media/other_setup_bg.png'" bgImageAlpha="70" bgImageDark="60" bgImageGrey="false"><navPage linkID="PG1535529282073" name="Add a welcome announcement" text="&lt;p&gt;When the course is ready for students to access. We advise welcoming students to the course with an announcement or email.&#10;&lt;/p&gt;&#10;&lt;p&gt;&lt;a href=&quot;https://www.sheffield.ac.uk/cics/mole/communicating-with-students&quot; target=&quot;_blank&quot;&gt;Find out how&lt;/a&gt;&#10;"/><navPage linkID="PG1535529434181" name="Add a banner image" text="&lt;p&gt;Adding a banner image can help to personalise your MOLE course and helps students to know they are accessing the correct course.&lt;/p&gt;&#10;&#10;&lt;p&gt;&lt;a href=&quot;https://www.sheffield.ac.uk/cics/mole/personalise&quot; target=&quot;_blank&quot;&gt;Find out how&lt;/a&gt;&lt;/p&gt;&#10;"/><navPage linkID="PG1535529538474" name="Tests" text="&lt;p&gt;If you have used tests on a previous course ensure these are deployed so that students can take them.&lt;/p&gt;&#10;&#10;&lt;p&gt;If you want to use tests for the first time, find out more.&lt;/p&gt;&#10;"/><navPage linkID="PG1535529641834" name="Communication tools" text="&lt;p&gt;If you are using any communication tools in MOLE e.g. Discussion boards ensure these are set up and available to students.&lt;/p&gt;&#10;&#10;&lt;p&gt;&lt;a href=&quot;https://www.sheffield.ac.uk/cics/mole/collaborative&quot; onclick=&quot;window.open(this.href, '', 'resizable=no,status=no,location=no,toolbar=no,menubar=no,fullscreen=no,scrollbars=no,dependent=no'); return false;&quot;&gt;Find out more&lt;/a&gt;&lt;/p&gt;&#10;"/></nav></learningObject>
